<?xml version="1.0" encoding="utf-8"?>
<System>
  <P Name="Location">[-7, -7, 1543, 871]</P>
  <P Name="SystemRect">[0.000000, 0.000000, 0.000000, 0.000000]</P>
  <P Name="Open">on</P>
  <P Name="SetExecutionDomain">off</P>
  <P Name="ExecutionDomainType">Deduce</P>
  <P Name="ZoomFactor">125</P>
  <P Name="ReportName">simulink-default.rpt</P>
  <P Name="SIDHighWatermark">35</P>
  <P Name="SimulinkSubDomain">Simulink</P>
  <Block BlockType="Gain" Name="Gain" SID="2">
    <P Name="Position">[410, 392, 455, 448]</P>
    <P Name="ZOrder">2</P>
    <P Name="BlockMirror">on</P>
    <P Name="HideAutomaticName">off</P>
    <P Name="Gain">0.2349</P>
  </Block>
  <Block BlockType="Gain" Name="Gain1" SID="8">
    <P Name="Position">[535, 444, 580, 496]</P>
    <P Name="ZOrder">7</P>
    <P Name="BlockMirror">on</P>
    <P Name="HideAutomaticName">off</P>
    <P Name="Gain">0.055</P>
  </Block>
  <Block BlockType="Gain" Name="Gain2" SID="12">
    <P Name="Position">[225, 262, 260, 318]</P>
    <P Name="ZOrder">8</P>
    <P Name="HideAutomaticName">off</P>
    <P Name="Gain">0.055</P>
  </Block>
  <Block BlockType="Integrator" Name="Integrator" SID="3">
    <P Name="Ports">[1, 1]</P>
    <P Name="Position">[365, 302, 445, 378]</P>
    <P Name="ZOrder">3</P>
    <P Name="HideAutomaticName">off</P>
    <P Name="InitialCondition">2</P>
  </Block>
  <Block BlockType="Integrator" Name="Integrator1" SID="7">
    <P Name="Ports">[1, 1]</P>
    <P Name="Position">[505, 302, 580, 378]</P>
    <P Name="ZOrder">6</P>
    <P Name="HideAutomaticName">off</P>
  </Block>
  <Block BlockType="Scope" Name="Scope" SID="4">
    <P Name="Ports">[2]</P>
    <P Name="Position">[740, 345, 810, 425]</P>
    <P Name="ZOrder">4</P>
    <P Name="HideAutomaticName">off</P>
    <P Name="ScopeSpecificationString">Simulink.scopes.TimeScopeBlockCfg(&apos;CurrentConfiguration&apos;, extmgr.ConfigurationSet(extmgr.Configuration(&apos;Core&apos;,&apos;General UI&apos;,true,&apos;FigureColor&apos;,[1 1 1]),extmgr.Configuration(&apos;Core&apos;,&apos;Source UI&apos;,true),extmgr.Configuration(&apos;Sources&apos;,&apos;WiredSimulink&apos;,true),extmgr.Configuration(&apos;Visuals&apos;,&apos;Time Domain&apos;,true,&apos;SerializedDisplays&apos;,{struct(&apos;MinYLimReal&apos;,&apos;-0.85829&apos;,&apos;MaxYLimReal&apos;,&apos;5.28744&apos;,&apos;YLabelReal&apos;,&apos;&apos;,&apos;MinYLimMag&apos;,&apos;0.00000&apos;,&apos;MaxYLimMag&apos;,&apos;5.28744&apos;,&apos;LegendVisibility&apos;,&apos;On&apos;,&apos;XGrid&apos;,true,&apos;YGrid&apos;,true,&apos;PlotMagPhase&apos;,false,&apos;AxesColor&apos;,[1 1 1],&apos;AxesTickColor&apos;,[0 0 0],&apos;ColorOrder&apos;,[0 0.447058823529412 0.741176470588235;0.850980392156863 0.325490196078431 0.0980392156862745;0.929411764705882 0.694117647058824 0.125490196078431;0.494117647058824 0.184313725490196 0.556862745098039;0.466666666666667 0.674509803921569 0.188235294117647;0.301960784313725 0.745098039215686 0.933333333333333;0.635294117647059 0.0784313725490196 0.184313725490196],&apos;Title&apos;,&apos;%&lt;SignalLabel&gt;&apos;,&apos;LinePropertiesCache&apos;,{{struct(&apos;Color&apos;,[1 0 0],&apos;LineStyle&apos;,&apos;-&apos;,&apos;LineWidth&apos;,2,&apos;Marker&apos;,&apos;none&apos;,&apos;Visible&apos;,&apos;on&apos;),struct(&apos;Color&apos;,[0.0745098039215686 0.623529411764706 1],&apos;LineStyle&apos;,&apos;-&apos;,&apos;LineWidth&apos;,2,&apos;Marker&apos;,&apos;none&apos;,&apos;Visible&apos;,&apos;on&apos;)}},&apos;UserDefinedChannelNames&apos;,{{}},&apos;NumLines&apos;,2,&apos;LineNames&apos;,{{&apos;Integrator1&apos;,&apos;Sine Wave&apos;}},&apos;ShowContent&apos;,true,&apos;Placement&apos;,1)},&apos;DisplayPropertyDefaults&apos;,struct(&apos;MinYLimReal&apos;,&apos;-0.85829&apos;,&apos;MaxYLimReal&apos;,&apos;5.28744&apos;,&apos;YLabelReal&apos;,&apos;&apos;,&apos;MinYLimMag&apos;,&apos;0.00000&apos;,&apos;MaxYLimMag&apos;,&apos;5.28744&apos;,&apos;LegendVisibility&apos;,&apos;On&apos;,&apos;XGrid&apos;,true,&apos;YGrid&apos;,true,&apos;PlotMagPhase&apos;,false,&apos;AxesColor&apos;,[1 1 1],&apos;AxesTickColor&apos;,[0 0 0],&apos;ColorOrder&apos;,[0.0745098039215686 0.623529411764706 1;1 0.411764705882353 0.16078431372549;1 1 0.0666666666666667;0.717647058823529 0.274509803921569 1;0.392156862745098 0.831372549019608 0.0745098039215686;0.0588235294117647 1 1;1 0.0745098039215686 0.650980392156863])),extmgr.Configuration(&apos;Tools&apos;,&apos;Plot Navigation&apos;,true,&apos;OnceAtStop&apos;,false,&apos;PreviousZoomMode&apos;,&apos;ZoomY&apos;),extmgr.Configuration(&apos;Tools&apos;,&apos;Measurements&apos;,true,&apos;Version&apos;,&apos;2021b&apos;)),&apos;Version&apos;,&apos;2021b&apos;,&apos;Position&apos;,[1 1 1536 788.8])</P>
    <P Name="NumInputPorts">2</P>
    <P Name="Floating">off</P>
  </Block>
  <Block BlockType="Sin" Name="Sine Wave" SID="1">
    <P Name="Ports">[0, 1]</P>
    <P Name="Position">[110, 266, 170, 314]</P>
    <P Name="ZOrder">1</P>
    <P Name="Amplitude">0.2439</P>
    <P Name="Frequency">2</P>
    <P Name="SampleTime">0</P>
  </Block>
  <Block BlockType="Sum" Name="Sum" SID="5">
    <P Name="Ports">[3, 1]</P>
    <P Name="Position">[290, 268, 320, 412]</P>
    <P Name="ZOrder">5</P>
    <P Name="IconShape">rectangular</P>
    <P Name="Inputs">+--</P>
  </Block>
  <Block BlockType="ToWorkspace" Name="To Workspace" SID="15">
    <P Name="Ports">[1]</P>
    <P Name="Position">[740, 257, 810, 313]</P>
    <P Name="ZOrder">9</P>
    <P Name="HideAutomaticName">off</P>
    <P Name="VariableName">simout</P>
    <P Name="MaxDataPoints">inf</P>
    <P Name="SaveFormat">Timeseries</P>
    <P Name="FixptAsFi">on</P>
    <P Name="SampleTime">-1</P>
  </Block>
  <Line>
    <P Name="ZOrder">1</P>
    <P Name="Src">5#out:1</P>
    <P Name="Dst">3#in:1</P>
  </Line>
  <Line>
    <P Name="ZOrder">2</P>
    <P Name="Src">3#out:1</P>
    <P Name="Points">[32, 0]</P>
    <Branch>
      <P Name="ZOrder">48</P>
      <P Name="Dst">7#in:1</P>
    </Branch>
    <Branch>
      <P Name="ZOrder">47</P>
      <P Name="Points">[0, 80]</P>
      <P Name="Dst">2#in:1</P>
    </Branch>
  </Line>
  <Line>
    <P Name="ZOrder">4</P>
    <P Name="Src">2#out:1</P>
    <P Name="Points">[-130, 0]</P>
    <P Name="Dst">5#in:3</P>
  </Line>
  <Line>
    <P Name="ZOrder">5</P>
    <P Name="Src">7#out:1</P>
    <P Name="Points">[32, 0]</P>
    <Branch>
      <P Name="ZOrder">58</P>
      <P Name="Points">[0, 25]</P>
      <Branch>
        <P Name="ZOrder">12</P>
        <P Name="Dst">4#in:1</P>
      </Branch>
      <Branch>
        <P Name="ZOrder">55</P>
        <P Name="Points">[0, 105]</P>
        <P Name="Dst">8#in:1</P>
      </Branch>
    </Branch>
    <Branch>
      <P Name="ZOrder">57</P>
      <P Name="Points">[0, -55]</P>
      <P Name="Dst">15#in:1</P>
    </Branch>
  </Line>
  <Line>
    <P Name="ZOrder">10</P>
    <P Name="Src">8#out:1</P>
    <P Name="Points">[-272, 0; 0, -130]</P>
    <P Name="Dst">5#in:2</P>
  </Line>
  <Line>
    <P Name="ZOrder">14</P>
    <P Name="Src">1#out:1</P>
    <P Name="Points">[15, 0]</P>
    <Branch>
      <P Name="ZOrder">59</P>
      <P Name="Points">[0, 241; 448, 0; 0, -126]</P>
      <P Name="Dst">4#in:2</P>
    </Branch>
    <Branch>
      <P Name="ZOrder">50</P>
      <P Name="Dst">12#in:1</P>
    </Branch>
  </Line>
  <Line>
    <P Name="ZOrder">15</P>
    <P Name="Src">12#out:1</P>
    <P Name="Dst">5#in:1</P>
  </Line>
  <Annotation SID="17">
    <P Name="Name">&lt;!DOCTYPE HTML PUBLIC &quot;-//W3C//DTD HTML 4.0//EN&quot; &quot;http://www.w3.org/TR/REC-html40/strict.dtd&quot;&gt;
&lt;html&gt;&lt;head&gt;&lt;meta name=&quot;qrichtext&quot; content=&quot;1&quot; /&gt;&lt;style type=&quot;text/css&quot;&gt;
p, li { white-space: pre-wrap; }
&lt;/style&gt;&lt;/head&gt;&lt;body align=&quot;left&quot; style=&quot; font-family:&apos;Helvetica&apos;; font-size:10px; font-weight:400; font-style:normal;&quot;&gt;
&lt;p align=&quot;left&quot; style=&quot; margin-top:0px; margin-bottom:0px; margin-left:0px; margin-right:0px; -qt-block-indent:0; text-indent:0px;&quot;&gt;&lt;span style=&quot; font-size:12px;&quot;&gt;0.2349sin(2t)&lt;/span&gt;&lt;/p&gt;&lt;/body&gt;&lt;/html&gt;</P>
    <P Name="Position">[651, 392, 722, 408]</P>
    <P Name="InternalMargins">[0, 0, 0, 0]</P>
    <P Name="Interpreter">rich</P>
    <P Name="ZOrder">-2</P>
  </Annotation>
  <Annotation SID="13">
    <P Name="Name">&lt;!DOCTYPE HTML PUBLIC &quot;-//W3C//DTD HTML 4.0//EN&quot; &quot;http://www.w3.org/TR/REC-html40/strict.dtd&quot;&gt;
&lt;html&gt;&lt;head&gt;&lt;meta name=&quot;qrichtext&quot; content=&quot;1&quot; /&gt;&lt;style type=&quot;text/css&quot;&gt;
p, li { white-space: pre-wrap; }
&lt;/style&gt;&lt;/head&gt;&lt;body align=&quot;left&quot; style=&quot; font-family:&apos;Helvetica&apos;; font-size:10px; font-weight:400; font-style:normal;&quot;&gt;
&lt;p align=&quot;left&quot; style=&quot; margin-top:0px; margin-bottom:0px; margin-left:0px; margin-right:0px; -qt-block-indent:0; text-indent:0px;&quot;&gt;&lt;span style=&quot; font-size:12px;&quot;&gt;0.2439sin(2t)&lt;/span&gt;&lt;/p&gt;&lt;/body&gt;&lt;/html&gt;</P>
    <P Name="Position">[111, 332, 182, 348]</P>
    <P Name="InternalMargins">[0, 0, 0, 0]</P>
    <P Name="Interpreter">rich</P>
    <P Name="ZOrder">-1</P>
  </Annotation>
  <Annotation SID="9">
    <P Name="Name">&lt;!DOCTYPE HTML PUBLIC &quot;-//W3C//DTD HTML 4.0//EN&quot; &quot;http://www.w3.org/TR/REC-html40/strict.dtd&quot;&gt;
&lt;html&gt;&lt;head&gt;&lt;meta name=&quot;qrichtext&quot; content=&quot;1&quot; /&gt;&lt;style type=&quot;text/css&quot;&gt;
p, li { white-space: pre-wrap; }
&lt;/style&gt;&lt;/head&gt;&lt;body align=&quot;left&quot; style=&quot; font-family:&apos;Helvetica&apos;; font-size:10px; font-weight:400; font-style:normal;&quot;&gt;
&lt;p align=&quot;left&quot; style=&quot; margin-top:0px; margin-bottom:0px; margin-left:0px; margin-right:0px; -qt-block-indent:0; text-indent:0px;&quot;&gt;&lt;span style=&quot; font-size:16px; font-weight:600;&quot;&gt;y&apos;&apos;&lt;/span&gt;&lt;/p&gt;&lt;/body&gt;&lt;/html&gt;</P>
    <P Name="Position">[326, 311, 344, 331]</P>
    <P Name="InternalMargins">[0, 0, 0, 0]</P>
    <P Name="Interpreter">rich</P>
    <P Name="ZOrder">-2</P>
  </Annotation>
  <Annotation SID="6">
    <P Name="Name">&lt;!DOCTYPE HTML PUBLIC &quot;-//W3C//DTD HTML 4.0//EN&quot; &quot;http://www.w3.org/TR/REC-html40/strict.dtd&quot;&gt;
&lt;html&gt;&lt;head&gt;&lt;meta name=&quot;qrichtext&quot; content=&quot;1&quot; /&gt;&lt;style type=&quot;text/css&quot;&gt;
p, li { white-space: pre-wrap; }
&lt;/style&gt;&lt;/head&gt;&lt;body align=&quot;left&quot; style=&quot; font-family:&apos;Helvetica&apos;; font-size:10px; font-weight:400; font-style:normal;&quot;&gt;
&lt;p align=&quot;left&quot; style=&quot; margin-top:0px; margin-bottom:0px; margin-left:0px; margin-right:0px; -qt-block-indent:0; text-indent:0px;&quot;&gt;&lt;span style=&quot; font-size:16px; font-weight:600;&quot;&gt;given equation:&lt;/span&gt;&lt;/p&gt;
&lt;p align=&quot;left&quot; style=&quot; margin-top:0px; margin-bottom:0px; margin-left:0px; margin-right:0px; -qt-block-indent:0; text-indent:0px;&quot;&gt;&lt;span style=&quot; font-size:14px; font-weight:600;&quot;&gt;               y&apos;&apos;= - 2*&lt;/span&gt;&lt;span style=&quot; font-family:&apos;sans-serif&apos;; font-size:14px; font-weight:600; color:#202122; background-color:#ffffff;&quot;&gt;ς*&lt;/span&gt;&lt;span style=&quot; font-family:&apos;arial,sans-serif&apos;; font-size:14px; font-weight:600; color:#000000;&quot;&gt;ω&lt;/span&gt;&lt;span style=&quot; font-family:&apos;arial,sans-serif&apos;; font-size:16px; font-weight:600; color:#000000; vertical-align:sub;&quot;&gt;n*&lt;/span&gt;&lt;span style=&quot; font-family:&apos;arial,sans-serif&apos;; font-size:16px; font-weight:600; color:#000000;&quot;&gt;y&apos; - &lt;/span&gt;&lt;span style=&quot; font-family:&apos;arial,sans-serif&apos;; font-size:14px; font-weight:600; color:#000000;&quot;&gt;ω&lt;/span&gt;&lt;span style=&quot; font-family:&apos;arial,sans-serif&apos;; font-size:16px; font-weight:600; color:#000000; vertical-align:sub;&quot;&gt;n&lt;/span&gt;&lt;span style=&quot; font-family:&apos;arial,sans-serif&apos;; font-size:16px; font-weight:600; color:#000000; vertical-align:super;&quot;&gt;2&lt;/span&gt;&lt;span style=&quot; font-family:&apos;arial,sans-serif&apos;; font-size:16px; font-weight:600; color:#000000;&quot;&gt;y &lt;/span&gt;&lt;span style=&quot; font-family:&apos;arial,sans-serif&apos;; font-size:14px; font-weight:600; color:#000000;&quot;&gt;+ω&lt;/span&gt;&lt;span style=&quot; font-family:&apos;arial,sans-serif&apos;; font-size:16px; font-weight:600; color:#000000; vertical-align:sub;&quot;&gt;n&lt;/span&gt;&lt;span style=&quot; font-family:&apos;arial,sans-serif&apos;; font-size:16px; font-weight:600; color:#000000; vertical-align:super;&quot;&gt;2&lt;/span&gt;&lt;span style=&quot; font-family:&apos;arial,sans-serif&apos;; font-size:16px; font-weight:600; color:#000000;&quot;&gt;u&lt;/span&gt;&lt;/p&gt;
&lt;p align=&quot;left&quot; style=&quot; margin-top:0px; margin-bottom:0px; margin-left:0px; margin-right:0px; -qt-block-indent:0; text-indent:0px;&quot;&gt;&lt;span style=&quot; font-family:&apos;arial,sans-serif&apos;; font-size:14px; font-weight:600; color:#000000;&quot;&gt;ω&lt;/span&gt;&lt;span style=&quot; font-family:&apos;arial,sans-serif&apos;; font-size:16px; font-weight:600; color:#000000; vertical-align:sub;&quot;&gt;n=  &lt;/span&gt;&lt;span style=&quot; font-family:&apos;arial,sans-serif&apos;; font-size:18px; font-weight:600; color:#000000; vertical-align:sub;&quot;&gt;10/41=0.2439&lt;/span&gt;&lt;span style=&quot; font-family:&apos;arial,sans-serif&apos;; font-size:16px; font-weight:600; color:#000000; vertical-align:sub;&quot;&gt;, &lt;/span&gt;&lt;span style=&quot; font-family:&apos;arial,sans-serif&apos;; font-size:18px; font-weight:600; color:#000000; vertical-align:sub;&quot;&gt; &lt;/span&gt;&lt;/p&gt;
&lt;p align=&quot;left&quot; style=&quot; margin-top:0px; margin-bottom:0px; margin-left:0px; margin-right:0px; -qt-block-indent:0; text-indent:0px;&quot;&gt;&lt;span style=&quot; font-family:&apos;sans-serif&apos;; font-size:14px; font-weight:600; color:#202122; background-color:#ffffff;&quot;&gt;ς&lt;/span&gt;&lt;span style=&quot; font-family:&apos;sans-serif&apos;; font-size:12px; font-weight:600; color:#202122; background-color:#ffffff;&quot;&gt;=0.5&lt;/span&gt;&lt;/p&gt;
&lt;p align=&quot;left&quot; style=&quot; margin-top:0px; margin-bottom:0px; margin-left:0px; margin-right:0px; -qt-block-indent:0; text-indent:0px;&quot;&gt;&lt;span style=&quot; font-family:&apos;arial,sans-serif&apos;; font-size:18px; font-weight:600; color:#000000; vertical-align:sub;&quot;&gt;U=(10/41)sin(2*t)=0.0.2439sin(2t)&lt;/span&gt;&lt;/p&gt;
&lt;p align=&quot;left&quot; style=&quot; margin-top:0px; margin-bottom:0px; margin-left:0px; margin-right:0px; -qt-block-indent:0; text-indent:0px;&quot;&gt;&lt;span style=&quot; font-family:&apos;arial,sans-serif&apos;; font-size:18px; font-weight:600; color:#000000; vertical-align:sub;&quot;&gt;y(0) = 0, y&apos;(0)=2&lt;/span&gt;&lt;/p&gt;&lt;/body&gt;&lt;/html&gt;</P>
    <P Name="Position">[121, 89, 372, 207]</P>
    <P Name="InternalMargins">[0, 0, 0, 0]</P>
    <P Name="Interpreter">rich</P>
    <P Name="ZOrder">-3</P>
  </Annotation>
  <Annotation SID="10">
    <P Name="Name">&lt;!DOCTYPE HTML PUBLIC &quot;-//W3C//DTD HTML 4.0//EN&quot; &quot;http://www.w3.org/TR/REC-html40/strict.dtd&quot;&gt;
&lt;html&gt;&lt;head&gt;&lt;meta name=&quot;qrichtext&quot; content=&quot;1&quot; /&gt;&lt;style type=&quot;text/css&quot;&gt;
p, li { white-space: pre-wrap; }
&lt;/style&gt;&lt;/head&gt;&lt;body align=&quot;left&quot; style=&quot; font-family:&apos;Helvetica&apos;; font-size:10px; font-weight:400; font-style:normal;&quot;&gt;
&lt;p align=&quot;left&quot; style=&quot; margin-top:0px; margin-bottom:0px; margin-left:0px; margin-right:0px; -qt-block-indent:0; text-indent:0px;&quot;&gt;&lt;span style=&quot; font-size:16px; font-weight:600;&quot;&gt;y&apos;&lt;/span&gt;&lt;/p&gt;&lt;/body&gt;&lt;/html&gt;</P>
    <P Name="Position">[466, 312, 480, 332]</P>
    <P Name="InternalMargins">[0, 0, 0, 0]</P>
    <P Name="Interpreter">rich</P>
    <P Name="ZOrder">1</P>
  </Annotation>
  <Annotation SID="11">
    <P Name="Name">&lt;!DOCTYPE HTML PUBLIC &quot;-//W3C//DTD HTML 4.0//EN&quot; &quot;http://www.w3.org/TR/REC-html40/strict.dtd&quot;&gt;
&lt;html&gt;&lt;head&gt;&lt;meta name=&quot;qrichtext&quot; content=&quot;1&quot; /&gt;&lt;style type=&quot;text/css&quot;&gt;
p, li { white-space: pre-wrap; }
&lt;/style&gt;&lt;/head&gt;&lt;body align=&quot;left&quot; style=&quot; font-family:&apos;Helvetica&apos;; font-size:10px; font-weight:400; font-style:normal;&quot;&gt;
&lt;p align=&quot;left&quot; style=&quot; margin-top:0px; margin-bottom:0px; margin-left:0px; margin-right:0px; -qt-block-indent:0; text-indent:0px;&quot;&gt;&lt;span style=&quot; font-size:16px; font-weight:600;&quot;&gt;y&lt;/span&gt;&lt;/p&gt;&lt;/body&gt;&lt;/html&gt;</P>
    <P Name="Position">[675, 345, 685, 365]</P>
    <P Name="InternalMargins">[0, 0, 0, 0]</P>
    <P Name="Interpreter">rich</P>
    <P Name="ZOrder">2</P>
  </Annotation>
</System>
