<?xml version="1.0" encoding="UTF-8"?>
<sltp_editor version="1.1" packageUris="http://schema.mathworks.com/mf0/DiagramEditor/R2019a_20181107 http://schema.mathworks.com/mf0/SltpSyntax/R2021b_202101212121">
  <diagram.editor.model.Diagram type="diagram.editor.model.Diagram" uuid="826e5a15-3543-4275-a733-33a7a7f88957">
    <entities type="diagram.editor.model.Entity" uuid="52525ba1-d073-49e7-abe0-a73bcf4a4cd3">
      <position>0,0</position>
      <size>0,0,0,0</size>
      <syntaxElement type="sltp.mm.syntax.Node" uuid="26feb77c-be6c-4f4b-9164-ac1291eddfa4"/>
      <title>Cont</title>
      <type>base</type>
      <subDiagram type="diagram.editor.model.Diagram" uuid="12d26e46-c094-4b7c-bf23-3f80bcbb5b28">
        <position>0,0</position>
        <syntaxElement type="sltp.mm.syntax.Graph" uuid="95ceb210-4b5d-410f-8833-253d326a29db"/>
        <title>Cont</title>
        <type>graph.Graph</type>
      </subDiagram>
    </entities>
    <syntaxElement type="sltp.mm.syntax.Graph" uuid="00e9a1c7-bb00-4997-8ca4-8bcf7814e3a7"/>
    <title>Default</title>
    <type>graph.Graph</type>
  </diagram.editor.model.Diagram>
  <sltp.mm.syntax.Context type="sltp.mm.syntax.Context" uuid="3d8eb7ab-0f77-408a-8048-b4401641b6a3">
    <rootGraph type="sltp.mm.syntax.Graph" uuid="00e9a1c7-bb00-4997-8ca4-8bcf7814e3a7">
      <children type="sltp.mm.syntax.Node" uuid="26feb77c-be6c-4f4b-9164-ac1291eddfa4">
        <priority>40</priority>
        <rates type="sltp.mm.syntax.RateData">
          <color>#000000</color>
          <hasBlocks>true</hasBlocks>
          <rate>0</rate>
          <title>Cont</title>
        </rates>
        <title>Cont</title>
        <type>base</type>
        <diagramElement type="diagram.editor.model.Entity" uuid="52525ba1-d073-49e7-abe0-a73bcf4a4cd3"/>
        <subgraph type="sltp.mm.syntax.Graph" uuid="95ceb210-4b5d-410f-8833-253d326a29db">
          <title>Cont</title>
          <diagramElement type="diagram.editor.model.Diagram" uuid="12d26e46-c094-4b7c-bf23-3f80bcbb5b28"/>
        </subgraph>
      </children>
      <title>Default</title>
      <diagramElement type="diagram.editor.model.Diagram" uuid="826e5a15-3543-4275-a733-33a7a7f88957"/>
    </rootGraph>
  </sltp.mm.syntax.Context>
</sltp_editor>