<?xml version="1.0" encoding="UTF-8"?>
<sltp_graph version="1.1" packageUris="http://schema.mathworks.com/mf0/sltp_mm/R2021b_202106150630">
  <sltp.mm.core.Context type="sltp.mm.core.Context" uuid="11ed61f5-203b-4f31-97b8-ceb4a854ac9b">
    <priorityDirection>HighNumberLast</priorityDirection>
    <editorState type="sltp.mm.core.EditorState" uuid="a3c4ec6a-7855-463f-baf4-fe367fe33e4d">
      <isSynchronized>true</isSynchronized>
      <panelState type="sltp.mm.core.EditorPanelState" uuid="edf6590e-e711-4558-8d24-67e4e3cfa886"/>
    </editorState>
    <rootTask type="sltp.mm.core.Task" uuid="326580ea-0847-4bf9-8819-d6f8729c33bb">
      <context type="sltp.mm.core.Context" uuid="11ed61f5-203b-4f31-97b8-ceb4a854ac9b"/>
      <explicit>false</explicit>
      <name>Default</name>
      <priority>-2147483648</priority>
      <subgraph type="sltp.mm.core.Graph" uuid="3cf2b0d6-0433-4820-9ee8-b823c8bc2290">
        <tasks type="sltp.mm.core.Task" uuid="89e39de0-88aa-4dba-a44f-8a45117d0407">
          <baseTask>true</baseTask>
          <context type="sltp.mm.core.Context" uuid="11ed61f5-203b-4f31-97b8-ceb4a854ac9b"/>
          <explicit>false</explicit>
          <id>1</id>
          <isTimed>true</isTimed>
          <name>Cont</name>
          <priority>40</priority>
          <rates type="sltp.mm.core.Rate" uuid="078a3d6c-7559-4e91-a3a6-5d50e87591d9">
            <annotation>Cont</annotation>
            <color>255</color>
            <hasBlocks>true</hasBlocks>
            <identifier>Continuous00</identifier>
            <rateSpec type="sltp.mm.core.RateSpec">
              <period>0.0</period>
            </rateSpec>
            <sti>0</sti>
          </rates>
        </tasks>
      </subgraph>
    </rootTask>
  </sltp.mm.core.Context>
</sltp_graph>