<?xml version="1.0" encoding="UTF-8" standalone="yes" ?>
<cp:coreProperties xmlns:cp="http://schemas.openxmlformats.org/package/2006/metadata/core-properties" xmlns:dc="http://purl.org/dc/elements/1.1/" xmlns:dcmitype="http://purl.org/dc/dcmitype/" xmlns:dcterms="http://purl.org/dc/terms/" xmlns:xsi="http://www.w3.org/2001/XMLSchema-instance">
  <cp:category>model</cp:category>
  <dcterms:created xsi:type="dcterms:W3CDTF">2022-08-11T17:01:01Z</dcterms:created>
  <dc:creator>ABHIJIT NIT</dc:creator>
  <cp:lastModifiedBy>ABHIJIT NIT</cp:lastModifiedBy>
  <dcterms:modified xsi:type="dcterms:W3CDTF">2022-08-22T03:02:30Z</dcterms:modified>
  <cp:revision>1.6</cp:revision>
  <cp:version>R2021b</cp:version>
</cp:coreProperties>
