<?xml version="1.0" encoding="UTF-8"?>
<sltp_graph version="1.1" packageUris="http://schema.mathworks.com/mf0/sltp_mm/R2021b_202106150630">
  <sltp.mm.core.Context type="sltp.mm.core.Context" uuid="bbc581ae-4702-41b1-b6ea-5dcad8f1bbbb">
    <priorityDirection>HighNumberLast</priorityDirection>
    <editorState type="sltp.mm.core.EditorState" uuid="a3c4ec6a-7855-463f-baf4-fe367fe33e4d">
      <isSynchronized>true</isSynchronized>
      <panelState type="sltp.mm.core.EditorPanelState" uuid="edf6590e-e711-4558-8d24-67e4e3cfa886"/>
    </editorState>
    <rootTask type="sltp.mm.core.Task" uuid="41b564d4-9be2-46e4-ae8b-ca8568d8153b">
      <context type="sltp.mm.core.Context" uuid="bbc581ae-4702-41b1-b6ea-5dcad8f1bbbb"/>
      <explicit>false</explicit>
      <name>Default</name>
      <priority>-2147483648</priority>
      <subgraph type="sltp.mm.core.Graph" uuid="cb4d4df2-2955-44f5-a4ce-976c0244e487">
        <tasks type="sltp.mm.core.Task" uuid="c8f595ec-8671-4d57-b813-df716d5b095b">
          <baseTask>true</baseTask>
          <context type="sltp.mm.core.Context" uuid="bbc581ae-4702-41b1-b6ea-5dcad8f1bbbb"/>
          <explicit>false</explicit>
          <id>1</id>
          <isTimed>true</isTimed>
          <name>Cont</name>
          <priority>40</priority>
          <rates type="sltp.mm.core.Rate" uuid="87d911d9-5629-4cb6-8ac2-9b11fbc42742">
            <annotation>Cont</annotation>
            <color>255</color>
            <hasBlocks>true</hasBlocks>
            <identifier>Continuous00</identifier>
            <rateSpec type="sltp.mm.core.RateSpec">
              <period>0.0</period>
            </rateSpec>
            <sti>0</sti>
          </rates>
          <rates type="sltp.mm.core.Rate" uuid="004da6cf-b88a-4d32-8efd-9db7f6dae8f9">
            <annotation>FiM</annotation>
            <color>-2139062017</color>
            <hasBlocks>true</hasBlocks>
            <rateSpec type="sltp.mm.core.RateSpec">
              <offset>1.0</offset>
              <period>0.0</period>
            </rateSpec>
            <sti>1</sti>
          </rates>
        </tasks>
      </subgraph>
    </rootTask>
  </sltp.mm.core.Context>
</sltp_graph>