<?xml version="1.0" encoding="UTF-8"?>
<sltp_editor version="1.1" packageUris="http://schema.mathworks.com/mf0/DiagramEditor/R2019a_20181107 http://schema.mathworks.com/mf0/SltpSyntax/R2021b_202101212121">
  <diagram.editor.model.Diagram type="diagram.editor.model.Diagram" uuid="826e5a15-3543-4275-a733-33a7a7f88957">
    <entities type="diagram.editor.model.Entity" uuid="3f6576da-426c-4534-a67b-4886a55581cc">
      <position>0,0</position>
      <size>0,0,0,0</size>
      <syntaxElement type="sltp.mm.syntax.Node" uuid="03a317cb-0948-4f33-b31f-e55a482337a3"/>
      <title>Cont</title>
      <type>base</type>
      <subDiagram type="diagram.editor.model.Diagram" uuid="033d0454-edb7-4ed9-a0f2-b684e99aef2e">
        <position>0,0</position>
        <syntaxElement type="sltp.mm.syntax.Graph" uuid="c6cba105-df73-485f-a697-0099a6589ff4"/>
        <title>Cont</title>
        <type>graph.Graph</type>
      </subDiagram>
    </entities>
    <syntaxElement type="sltp.mm.syntax.Graph" uuid="00e9a1c7-bb00-4997-8ca4-8bcf7814e3a7"/>
    <title>Default</title>
    <type>graph.Graph</type>
  </diagram.editor.model.Diagram>
  <sltp.mm.syntax.Context type="sltp.mm.syntax.Context" uuid="3d8eb7ab-0f77-408a-8048-b4401641b6a3">
    <rootGraph type="sltp.mm.syntax.Graph" uuid="00e9a1c7-bb00-4997-8ca4-8bcf7814e3a7">
      <children type="sltp.mm.syntax.Node" uuid="03a317cb-0948-4f33-b31f-e55a482337a3">
        <priority>40</priority>
        <rates type="sltp.mm.syntax.RateData">
          <color>#000000</color>
          <hasBlocks>true</hasBlocks>
          <rate>0</rate>
          <title>Cont</title>
        </rates>
        <rates type="sltp.mm.syntax.RateData">
          <color>#808080</color>
          <hasBlocks>true</hasBlocks>
          <rate>[0, 1]</rate>
          <title>FiM</title>
        </rates>
        <title>Cont</title>
        <type>base</type>
        <diagramElement type="diagram.editor.model.Entity" uuid="3f6576da-426c-4534-a67b-4886a55581cc"/>
        <subgraph type="sltp.mm.syntax.Graph" uuid="c6cba105-df73-485f-a697-0099a6589ff4">
          <title>Cont</title>
          <diagramElement type="diagram.editor.model.Diagram" uuid="033d0454-edb7-4ed9-a0f2-b684e99aef2e"/>
        </subgraph>
      </children>
      <title>Default</title>
      <diagramElement type="diagram.editor.model.Diagram" uuid="826e5a15-3543-4275-a733-33a7a7f88957"/>
    </rootGraph>
  </sltp.mm.syntax.Context>
</sltp_editor>